learnerId,tutorId,viewCount,messageCount,requestCount,rating,lastInteractionAt,interaction_score
2QSghpegl6Tlu2niVa1evismWyL2,YIeOeuPVRHTW01YOwKwSAxIVzGO2,1,0,0,,2025-08-07,0.07905656856286336
2QSghpegl6Tlu2niVa1evismWyL2,lMrF4YtWI8Q0wmWhNs4r2bKK9q53,1,0,0,,2025-09-05,0.10911320008315815
2QSghpegl6Tlu2niVa1evismWyL2,DsrjfIvXpFQpDBqLNpFTvNByp0u2,4,0,0,,2025-03-25,0.0705596192168681
2QSghpegl6Tlu2niVa1evismWyL2,y5E27NmxoUQt1jMjpo2lFZSrwPn1,3,4,0,,2026-01-19,5.4392271411165725
2QSghpegl6Tlu2niVa1evismWyL2,exMEFoTNtJab9zbdtPUirylPR0S2,4,0,0,,2025-12-28,1.5489722167185678
2QSghpegl6Tlu2niVa1evismWyL2,eOQddar3QtZyhchS9WDKPAXZhis2,1,1,0,,2025-05-08,0.08628578181770749
2QSghpegl6Tlu2niVa1evismWyL2,iknR9qbLh9ZVXW6DLCa24hv0hq23,1,0,0,,2025-03-14,0.015610463580615451
2QSghpegl6Tlu2niVa1evismWyL2,f3PCaEKS6oQI9HgKEnepuYiAKPM2,1,3,1,3.0,2025-11-10,3.3621851717368796
3p9IDe0ZGxUknTIMim6vwt5QX2h2,xFlzvKYWz2PrAN2Bd8fbiPcNdtI2,3,3,0,,2025-07-21,0.5890430920938494
3p9IDe0ZGxUknTIMim6vwt5QX2h2,6ZhMaFEz2JR9djnjIWdVgPRibWl2,5,0,0,,2025-10-09,0.7960018949339575
3p9IDe0ZGxUknTIMim6vwt5QX2h2,XyrOyVhu7pdsPk1WS7gubK89bjH2,3,0,0,,2025-10-21,0.5457217748395928
3p9IDe0ZGxUknTIMim6vwt5QX2h2,321QGCtd7XRzGddayieKvaHdDm23,5,5,3,,2025-08-09,2.6674905423702855
3p9IDe0ZGxUknTIMim6vwt5QX2h2,PjAMGPVThoTMSJa9VXigyJuNy5y2,1,3,0,,2025-12-30,2.771613482178736
3p9IDe0ZGxUknTIMim6vwt5QX2h2,k2kncfGm6FfoATWUjyeqbmCCBDm2,5,4,0,,2025-08-02,0.9721960249471279
4kI3CqHD3Pbi3d6tXZqArZ7T9403,ECcTDZvf9vOkwuc4xcbqBVNSFot1,2,5,0,,2025-11-01,2.466673743043125
4kI3CqHD3Pbi3d6tXZqArZ7T9403,lWf0JlxAwYNMWCFCSjovpzAOtBZ2,2,0,0,,2025-05-21,0.06646291798667318
4kI3CqHD3Pbi3d6tXZqArZ7T9403,UAUK5c6yUiPDhemJ4nHJIV4MLuE3,2,0,0,,2025-07-30,0.14466517663899506
4kI3CqHD3Pbi3d6tXZqArZ7T9403,k2kncfGm6FfoATWUjyeqbmCCBDm2,5,4,2,,2025-03-15,0.394622009091902
4kI3CqHD3Pbi3d6tXZqArZ7T9403,0D1aw9Bp5LPNSdnvWGFYNi1PWZE3,1,0,0,,2025-01-24,0.009056629104590286
4kI3CqHD3Pbi3d6tXZqArZ7T9403,QJ8HvLQFoQaTr16OvNXZdZpnj7F3,5,0,0,,2025-04-26,0.12585835676603113
4kI3CqHD3Pbi3d6tXZqArZ7T9403,2cPC4cc64pNHZ7sIOqBv7d6qup33,5,3,0,,2025-02-10,0.12033519602755602
4kI3CqHD3Pbi3d6tXZqArZ7T9403,lMrF4YtWI8Q0wmWhNs4r2bKK9q53,5,4,0,,2025-08-10,1.0625705990678387
8NKD5ayXWuXyyw4194apizeT1SJ2,exMEFoTNtJab9zbdtPUirylPR0S2,3,0,0,,2025-06-04,0.11647362255521385
8NKD5ayXWuXyyw4194apizeT1SJ2,v3njZn6muKYDNyM2HsyWgMrU8mi2,2,1,2,,2025-04-27,0.4072466586911881
8NKD5ayXWuXyyw4194apizeT1SJ2,YIeOeuPVRHTW01YOwKwSAxIVzGO2,1,0,0,,2025-08-20,0.09134176202636733
8NKD5ayXWuXyyw4194apizeT1SJ2,lMrF4YtWI8Q0wmWhNs4r2bKK9q53,2,0,0,,2025-06-30,0.10365712861152786
8NKD5ayXWuXyyw4194apizeT1SJ2,0l2f2PHXtNRUMCFN9TX6TIywPhx1,3,5,0,,2025-07-11,0.7613651039272549
8NKD5ayXWuXyyw4194apizeT1SJ2,f3PCaEKS6oQI9HgKEnepuYiAKPM2,5,0,0,,2025-11-06,1.0864955212676954
8NKD5ayXWuXyyw4194apizeT1SJ2,y5E27NmxoUQt1jMjpo2lFZSrwPn1,1,1,0,,2025-07-14,0.1816549985884946
8NKD5ayXWuXyyw4194apizeT1SJ2,DsrjfIvXpFQpDBqLNpFTvNByp0u2,5,2,0,,2025-11-19,2.2596015849256066
8NKD5ayXWuXyyw4194apizeT1SJ2,FtYF3kPPyFeyVUpTPRigfsV0YDl2,2,4,2,,2025-02-22,0.2749974054491275
8NKD5ayXWuXyyw4194apizeT1SJ2,H8qRTDIPyASubMbX088q4u5PTkJ2,3,0,0,,2025-08-21,0.2770869894441792
8PRVS4wr6zOZA46ZXLEkB9Frand2,FtYF3kPPyFeyVUpTPRigfsV0YDl2,3,0,0,,2026-01-15,1.4189392033601482
8PRVS4wr6zOZA46ZXLEkB9Frand2,PSYR1jp4fSTQPHzlhkpoPHVPbCm2,1,0,0,,2025-02-21,0.012361763235169694
8PRVS4wr6zOZA46ZXLEkB9Frand2,DRzN2ih64uMGEuOjZprMovy5fW03,2,1,0,,2025-05-22,0.1344110254794995
8PRVS4wr6zOZA46ZXLEkB9Frand2,v3njZn6muKYDNyM2HsyWgMrU8mi2,1,1,0,,2025-07-01,0.1572229452564384
8PRVS4wr6zOZA46ZXLEkB9Frand2,iknR9qbLh9ZVXW6DLCa24hv0hq23,5,0,0,,2025-11-14,1.1874952862317292
8PRVS4wr6zOZA46ZXLEkB9Frand2,H8qRTDIPyASubMbX088q4u5PTkJ2,1,0,0,,2025-06-18,0.045358976644706256
8PRVS4wr6zOZA46ZXLEkB9Frand2,YIeOeuPVRHTW01YOwKwSAxIVzGO2,2,4,2,,2025-07-18,1.392678130679919
8PRVS4wr6zOZA46ZXLEkB9Frand2,R15YifvlSQRs3vxkbBQIrxwfz1M2,3,3,1,,2025-05-09,0.43624929395756984
8PRVS4wr6zOZA46ZXLEkB9Frand2,eOQddar3QtZyhchS9WDKPAXZhis2,5,5,0,,2026-01-17,7.2541207536150445
8aKU74yqLvNPXamu42yDsiCkZJX2,6ZhMaFEz2JR9djnjIWdVgPRibWl2,1,3,3,5.0,2025-09-28,3.944770047329417
8aKU74yqLvNPXamu42yDsiCkZJX2,v3njZn6muKYDNyM2HsyWgMrU8mi2,4,4,2,,2025-08-07,1.8973576455087207
8aKU74yqLvNPXamu42yDsiCkZJX2,0l2f2PHXtNRUMCFN9TX6TIywPhx1,5,2,0,,2025-05-09,0.2617495763745419
BKD1NSzBG8Sokaid9tmUYVTvv0V2,DsrjfIvXpFQpDBqLNpFTvNByp0u2,4,0,0,,2025-06-13,0.17163101382792278
BKD1NSzBG8Sokaid9tmUYVTvv0V2,iknR9qbLh9ZVXW6DLCa24hv0hq23,1,0,0,,2025-10-28,0.19662036043429912
BKD1NSzBG8Sokaid9tmUYVTvv0V2,DRzN2ih64uMGEuOjZprMovy5fW03,3,4,0,,2025-10-20,1.9788697928038803
BKD1NSzBG8Sokaid9tmUYVTvv0V2,PSYR1jp4fSTQPHzlhkpoPHVPbCm2,4,0,0,,2025-07-17,0.2504162871812797
BKD1NSzBG8Sokaid9tmUYVTvv0V2,4JIeujA4Dnhs4idBMx38ZtXFoQf1,1,0,0,,2025-05-15,0.03108826201105816
BKD1NSzBG8Sokaid9tmUYVTvv0V2,y5E27NmxoUQt1jMjpo2lFZSrwPn1,2,1,0,,2025-06-15,0.17548773004858867
BKD1NSzBG8Sokaid9tmUYVTvv0V2,YIeOeuPVRHTW01YOwKwSAxIVzGO2,3,0,0,,2025-01-30,0.029042955048435667
BKD1NSzBG8Sokaid9tmUYVTvv0V2,eOQddar3QtZyhchS9WDKPAXZhis2,5,0,0,,2025-01-27,0.04681802288070355
BKD1NSzBG8Sokaid9tmUYVTvv0V2,Y1xiSEf7OsQabrNMK786vsstN702,1,3,0,,2025-09-21,0.9123957232470913
BKD1NSzBG8Sokaid9tmUYVTvv0V2,H8qRTDIPyASubMbX088q4u5PTkJ2,2,0,0,,2025-08-31,0.20643332960276384
Dk4QUd3IXpPavJZ4p4exrH82kst1,nll9dUGXHMYqJxqYoLQeJo2rpGL2,3,4,1,,2025-11-16,4.128210174605555
Dk4QUd3IXpPavJZ4p4exrH82kst1,0D1aw9Bp5LPNSdnvWGFYNi1PWZE3,5,2,3,,2025-11-05,5.80224691110847
Dk4QUd3IXpPavJZ4p4exrH82kst1,QJ8HvLQFoQaTr16OvNXZdZpnj7F3,5,0,0,,2025-10-23,0.929974458663432
Dk4QUd3IXpPavJZ4p4exrH82kst1,ECcTDZvf9vOkwuc4xcbqBVNSFot1,5,2,2,4.0,2025-09-06,2.5817765072814574
Dk4QUd3IXpPavJZ4p4exrH82kst1,UAUK5c6yUiPDhemJ4nHJIV4MLuE3,3,0,0,,2026-01-20,1.5
Dk4QUd3IXpPavJZ4p4exrH82kst1,lWf0JlxAwYNMWCFCSjovpzAOtBZ2,5,1,0,,2025-12-03,2.0532617682851115
Dk4QUd3IXpPavJZ4p4exrH82kst1,k2kncfGm6FfoATWUjyeqbmCCBDm2,5,4,1,,2025-06-03,0.7295153510001963
Dk4QUd3IXpPavJZ4p4exrH82kst1,2cPC4cc64pNHZ7sIOqBv7d6qup33,5,4,0,,2025-07-25,0.8895080588077268
Ed0o9ZhgnBayPZEtwT87RnuEfVc2,0l2f2PHXtNRUMCFN9TX6TIywPhx1,5,4,0,,2025-10-05,1.9796365911004807
Ed0o9ZhgnBayPZEtwT87RnuEfVc2,iknR9qbLh9ZVXW6DLCa24hv0hq23,1,0,0,,2025-10-14,0.16829513760328182
Ed0o9ZhgnBayPZEtwT87RnuEfVc2,f3PCaEKS6oQI9HgKEnepuYiAKPM2,4,1,0,,2025-08-09,0.48499828043096094
Ed0o9ZhgnBayPZEtwT87RnuEfVc2,4JIeujA4Dnhs4idBMx38ZtXFoQf1,4,0,0,,2025-02-23,0.05055817643105004
Ed0o9ZhgnBayPZEtwT87RnuEfVc2,YIeOeuPVRHTW01YOwKwSAxIVzGO2,2,3,0,,2025-05-05,0.22255199311137125
Ed0o9ZhgnBayPZEtwT87RnuEfVc2,PSYR1jp4fSTQPHzlhkpoPHVPbCm2,4,0,0,,2025-07-28,0.2829717032099242
Ed0o9ZhgnBayPZEtwT87RnuEfVc2,R15YifvlSQRs3vxkbBQIrxwfz1M2,2,1,0,,2026-01-06,1.7118790468245304
Ed0o9ZhgnBayPZEtwT87RnuEfVc2,y5E27NmxoUQt1jMjpo2lFZSrwPn1,4,1,0,,2025-03-03,0.08288703683144547
Ed0o9ZhgnBayPZEtwT87RnuEfVc2,FtYF3kPPyFeyVUpTPRigfsV0YDl2,4,0,0,,2025-10-16,0.6883075737308247
FoYjiFalbmSUknqEJnMODusQlEh1,FtYF3kPPyFeyVUpTPRigfsV0YDl2,5,4,0,,2025-07-27,0.909496172158011
FoYjiFalbmSUknqEJnMODusQlEh1,0W7NM9Ie82Ta9E6BWE569HKVAE42,1,2,0,,2025-05-23,0.16989101138766993
FoYjiFalbmSUknqEJnMODusQlEh1,PSYR1jp4fSTQPHzlhkpoPHVPbCm2,4,1,0,,2025-07-13,0.3592955631425573
FoYjiFalbmSUknqEJnMODusQlEh1,v3njZn6muKYDNyM2HsyWgMrU8mi2,1,0,0,,2025-01-27,0.00936360457614071
FoYjiFalbmSUknqEJnMODusQlEh1,eOQddar3QtZyhchS9WDKPAXZhis2,1,0,0,,2026-01-10,0.4474196584071849
FoYjiFalbmSUknqEJnMODusQlEh1,0l2f2PHXtNRUMCFN9TX6TIywPhx1,5,0,0,,2025-08-19,0.45166235557384393
FoYjiFalbmSUknqEJnMODusQlEh1,f3PCaEKS6oQI9HgKEnepuYiAKPM2,3,0,0,,2025-02-24,0.0383422998097611
FoYjiFalbmSUknqEJnMODusQlEh1,y5E27NmxoUQt1jMjpo2lFZSrwPn1,4,5,0,,2025-06-05,0.5496166216309427
FoYjiFalbmSUknqEJnMODusQlEh1,DRzN2ih64uMGEuOjZprMovy5fW03,4,4,0,,2025-05-29,0.4358475498893548
GwyE5cIjvsV6gx6fObjjgNhIDZk2,Y1xiSEf7OsQabrNMK786vsstN702,3,5,0,,2025-07-22,0.8603465159873283
GwyE5cIjvsV6gx6fObjjgNhIDZk2,R15YifvlSQRs3vxkbBQIrxwfz1M2,2,1,0,,2025-05-15,0.12435304804423264
GwyE5cIjvsV6gx6fObjjgNhIDZk2,FtYF3kPPyFeyVUpTPRigfsV0YDl2,3,5,2,3.0,2025-07-31,1.9601725101160714
GwyE5cIjvsV6gx6fObjjgNhIDZk2,f3PCaEKS6oQI9HgKEnepuYiAKPM2,2,0,0,,2025-02-13,0.022620722028470593
GwyE5cIjvsV6gx6fObjjgNhIDZk2,H8qRTDIPyASubMbX088q4u5PTkJ2,5,0,0,,2025-04-16,0.1126230059838945
GwyE5cIjvsV6gx6fObjjgNhIDZk2,eOQddar3QtZyhchS9WDKPAXZhis2,2,3,0,,2025-06-29,0.41004703077384264
GwyE5cIjvsV6gx6fObjjgNhIDZk2,lMrF4YtWI8Q0wmWhNs4r2bKK9q53,1,0,0,,2025-09-19,0.12747769801325498
GwyE5cIjvsV6gx6fObjjgNhIDZk2,YIeOeuPVRHTW01YOwKwSAxIVzGO2,4,0,0,,2025-12-06,1.2130613194252668
GwyE5cIjvsV6gx6fObjjgNhIDZk2,4JIeujA4Dnhs4idBMx38ZtXFoQf1,4,0,0,,2025-08-23,0.37775120567512366
H7GjQ2jzsLUdzLeq8XavGDvPzVF2,v3njZn6muKYDNyM2HsyWgMrU8mi2,2,4,0,,2025-03-29,0.18441583700620007
H7GjQ2jzsLUdzLeq8XavGDvPzVF2,0l2f2PHXtNRUMCFN9TX6TIywPhx1,3,0,0,,2025-06-09,0.1231274979358482
H7GjQ2jzsLUdzLeq8XavGDvPzVF2,iknR9qbLh9ZVXW6DLCa24hv0hq23,4,0,0,,2025-12-16,1.3556191560109006
H7GjQ2jzsLUdzLeq8XavGDvPzVF2,DRzN2ih64uMGEuOjZprMovy5fW03,1,0,0,,2025-07-02,0.05299320267847825
H7GjQ2jzsLUdzLeq8XavGDvPzVF2,YIeOeuPVRHTW01YOwKwSAxIVzGO2,2,3,0,,2025-04-06,0.16124718997153414
H7GjQ2jzsLUdzLeq8XavGDvPzVF2,DsrjfIvXpFQpDBqLNpFTvNByp0u2,2,0,0,,2025-04-04,0.03942585997900747
H7GjQ2jzsLUdzLeq8XavGDvPzVF2,H8qRTDIPyASubMbX088q4u5PTkJ2,5,1,0,,2025-08-03,0.5293391589167352
H7GjQ2jzsLUdzLeq8XavGDvPzVF2,0W7NM9Ie82Ta9E6BWE569HKVAE42,1,1,0,,2026-01-14,1.4032604775474267
IxyVa9RkWNPKB0PK88636Bzohr32,PjAMGPVThoTMSJa9VXigyJuNy5y2,4,2,0,,2025-09-15,0.9754886539550042
IxyVa9RkWNPKB0PK88636Bzohr32,6ZhMaFEz2JR9djnjIWdVgPRibWl2,5,1,1,3.0,2025-11-17,3.634126898315948
IxyVa9RkWNPKB0PK88636Bzohr32,xFlzvKYWz2PrAN2Bd8fbiPcNdtI2,2,5,0,,2025-04-15,0.26730855746693816
IxyVa9RkWNPKB0PK88636Bzohr32,l6r6bVZXV8UiQd1Z6Y90tbxnh4m2,3,0,0,,2025-02-03,0.030362867168706585
IxyVa9RkWNPKB0PK88636Bzohr32,XyrOyVhu7pdsPk1WS7gubK89bjH2,5,2,2,4.0,2026-01-19,11.57071955473889
IxyVa9RkWNPKB0PK88636Bzohr32,321QGCtd7XRzGddayieKvaHdDm23,2,2,0,,2025-09-12,0.7076312489571001
IxyVa9RkWNPKB0PK88636Bzohr32,FtYF3kPPyFeyVUpTPRigfsV0YDl2,1,5,1,4.0,2025-06-21,0.9097906315545996
IxyVa9RkWNPKB0PK88636Bzohr32,H8qRTDIPyASubMbX088q4u5PTkJ2,3,2,0,,2025-08-14,0.5981559948053369
MJDW6XaXCzUa8XWXLaa7YNpIoOj2,DsrjfIvXpFQpDBqLNpFTvNByp0u2,4,3,0,,2025-12-08,3.1007999750137927
MJDW6XaXCzUa8XWXLaa7YNpIoOj2,YIeOeuPVRHTW01YOwKwSAxIVzGO2,1,5,0,,2025-10-15,1.8719306182363993
MJDW6XaXCzUa8XWXLaa7YNpIoOj2,0l2f2PHXtNRUMCFN9TX6TIywPhx1,5,0,0,,2025-03-26,0.089184983368131
MJDW6XaXCzUa8XWXLaa7YNpIoOj2,R15YifvlSQRs3vxkbBQIrxwfz1M2,1,0,0,,2025-05-09,0.02908328626383799
MJDW6XaXCzUa8XWXLaa7YNpIoOj2,PSYR1jp4fSTQPHzlhkpoPHVPbCm2,5,0,0,,2025-07-24,0.33833820809153176
MJDW6XaXCzUa8XWXLaa7YNpIoOj2,iknR9qbLh9ZVXW6DLCa24hv0hq23,4,5,3,,2025-08-11,2.6447822115453845
MJDW6XaXCzUa8XWXLaa7YNpIoOj2,4JIeujA4Dnhs4idBMx38ZtXFoQf1,3,3,0,,2025-12-29,3.5241277270794997
MJDW6XaXCzUa8XWXLaa7YNpIoOj2,y5E27NmxoUQt1jMjpo2lFZSrwPn1,2,0,0,,2025-10-15,0.34035102149752716
MJDW6XaXCzUa8XWXLaa7YNpIoOj2,eOQddar3QtZyhchS9WDKPAXZhis2,1,1,3,,2026-01-05,8.888058111351448
N06PgYSUkpPgQUGvFj893yL1r6u1,f3PCaEKS6oQI9HgKEnepuYiAKPM2,4,0,0,,2026-01-12,1.829894457460062
N06PgYSUkpPgQUGvFj893yL1r6u1,iknR9qbLh9ZVXW6DLCa24hv0hq23,3,0,0,,2025-09-25,0.4087976895510189
N06PgYSUkpPgQUGvFj893yL1r6u1,FtYF3kPPyFeyVUpTPRigfsV0YDl2,3,3,0,,2025-04-08,0.18547939298917793
N06PgYSUkpPgQUGvFj893yL1r6u1,DRzN2ih64uMGEuOjZprMovy5fW03,2,5,1,5.0,2025-07-15,1.28579249665631
N06PgYSUkpPgQUGvFj893yL1r6u1,4JIeujA4Dnhs4idBMx38ZtXFoQf1,3,0,0,,2025-03-31,0.05656795220065891
N06PgYSUkpPgQUGvFj893yL1r6u1,v3njZn6muKYDNyM2HsyWgMrU8mi2,5,0,0,,2025-02-24,0.06390383301626851
N06PgYSUkpPgQUGvFj893yL1r6u1,lMrF4YtWI8Q0wmWhNs4r2bKK9q53,1,2,1,,2025-03-27,0.19839919730450117
N06PgYSUkpPgQUGvFj893yL1r6u1,PSYR1jp4fSTQPHzlhkpoPHVPbCm2,4,3,0,,2025-09-22,1.3179856905786338
N06PgYSUkpPgQUGvFj893yL1r6u1,0W7NM9Ie82Ta9E6BWE569HKVAE42,2,3,0,,2025-04-13,0.17428925547568652
OI0mn997cWhLXtMGnApMVhVhRYK2,YIeOeuPVRHTW01YOwKwSAxIVzGO2,4,0,0,,2025-03-20,0.06674653992065216
OI0mn997cWhLXtMGnApMVhVhRYK2,DRzN2ih64uMGEuOjZprMovy5fW03,3,5,2,3.0,2025-02-08,0.2867370350309507
OI0mn997cWhLXtMGnApMVhVhRYK2,v3njZn6muKYDNyM2HsyWgMrU8mi2,1,5,3,3.0,2025-12-01,8.835802679356464
OI0mn997cWhLXtMGnApMVhVhRYK2,DsrjfIvXpFQpDBqLNpFTvNByp0u2,1,3,1,5.0,2025-10-09,2.5472060637886638
OI0mn997cWhLXtMGnApMVhVhRYK2,FtYF3kPPyFeyVUpTPRigfsV0YDl2,3,4,0,,2025-07-20,0.7119864830675767
OI0mn997cWhLXtMGnApMVhVhRYK2,0l2f2PHXtNRUMCFN9TX6TIywPhx1,3,0,0,,2025-06-03,0.11518663436845206
OI0mn997cWhLXtMGnApMVhVhRYK2,H8qRTDIPyASubMbX088q4u5PTkJ2,4,4,1,5.0,2025-07-21,1.3744338815523154
OI0mn997cWhLXtMGnApMVhVhRYK2,Y1xiSEf7OsQabrNMK786vsstN702,1,5,2,,2025-07-23,1.5391586319835908
OI0mn997cWhLXtMGnApMVhVhRYK2,4JIeujA4Dnhs4idBMx38ZtXFoQf1,1,0,0,,2025-05-24,0.034357843068137425
PSFvpiUPJrQeTAzWmECBvSTzwSv1,xFlzvKYWz2PrAN2Bd8fbiPcNdtI2,5,0,0,,2025-02-24,0.06390383301626851
PSFvpiUPJrQeTAzWmECBvSTzwSv1,l6r6bVZXV8UiQd1Z6Y90tbxnh4m2,5,4,0,,2025-11-14,3.087487744202496
PSFvpiUPJrQeTAzWmECBvSTzwSv1,321QGCtd7XRzGddayieKvaHdDm23,4,5,2,,2025-03-27,0.4689435572651846
PSFvpiUPJrQeTAzWmECBvSTzwSv1,PjAMGPVThoTMSJa9VXigyJuNy5y2,3,0,0,,2025-06-10,0.12450320993731254
PSFvpiUPJrQeTAzWmECBvSTzwSv1,6ZhMaFEz2JR9djnjIWdVgPRibWl2,1,4,0,,2025-07-22,0.5956245110681503
PSFvpiUPJrQeTAzWmECBvSTzwSv1,XyrOyVhu7pdsPk1WS7gubK89bjH2,1,1,0,,2025-11-20,0.761616089606169
PSFvpiUPJrQeTAzWmECBvSTzwSv1,QJ8HvLQFoQaTr16OvNXZdZpnj7F3,2,3,2,,2025-07-28,1.414858516049621
PSFvpiUPJrQeTAzWmECBvSTzwSv1,ECcTDZvf9vOkwuc4xcbqBVNSFot1,3,0,0,,2025-06-24,0.1454579517966076
PSFvpiUPJrQeTAzWmECBvSTzwSv1,exMEFoTNtJab9zbdtPUirylPR0S2,5,0,0,,2025-08-23,0.47218900709390454
QhXO9vqDifgU6s6qnYXbAW3QmAZ2,f3PCaEKS6oQI9HgKEnepuYiAKPM2,1,5,1,5.0,2025-08-22,1.8678860095433103
QhXO9vqDifgU6s6qnYXbAW3QmAZ2,FtYF3kPPyFeyVUpTPRigfsV0YDl2,1,0,0,,2025-12-05,0.2999143660207542
QhXO9vqDifgU6s6qnYXbAW3QmAZ2,Y1xiSEf7OsQabrNMK786vsstN702,2,0,0,,2025-10-12,0.32919298780790557
QhXO9vqDifgU6s6qnYXbAW3QmAZ2,PSYR1jp4fSTQPHzlhkpoPHVPbCm2,4,5,0,,2025-01-28,0.1325551468355902
QhXO9vqDifgU6s6qnYXbAW3QmAZ2,H8qRTDIPyASubMbX088q4u5PTkJ2,3,0,0,,2025-06-06,0.11909089841561733
QhXO9vqDifgU6s6qnYXbAW3QmAZ2,exMEFoTNtJab9zbdtPUirylPR0S2,5,4,0,,2025-03-27,0.2344717786325923
QhXO9vqDifgU6s6qnYXbAW3QmAZ2,0l2f2PHXtNRUMCFN9TX6TIywPhx1,5,0,0,,2025-03-11,0.07549345855579626
QtV8VOFU1sNay7hsRZhR8dXgqO42,R15YifvlSQRs3vxkbBQIrxwfz1M2,1,0,0,,2025-11-22,0.25957678190467914
QtV8VOFU1sNay7hsRZhR8dXgqO42,eOQddar3QtZyhchS9WDKPAXZhis2,4,0,0,,2025-09-11,0.46654146608844577
QtV8VOFU1sNay7hsRZhR8dXgqO42,H8qRTDIPyASubMbX088q4u5PTkJ2,5,1,1,5.0,2025-11-07,3.5156320334116407
QtV8VOFU1sNay7hsRZhR8dXgqO42,Y1xiSEf7OsQabrNMK786vsstN702,1,2,3,3.0,2025-10-10,3.9922825670671815
QtV8VOFU1sNay7hsRZhR8dXgqO42,y5E27NmxoUQt1jMjpo2lFZSrwPn1,5,5,1,3.0,2025-03-15,0.3598952722918146
QtV8VOFU1sNay7hsRZhR8dXgqO42,lMrF4YtWI8Q0wmWhNs4r2bKK9q53,5,4,2,5.0,2025-04-18,0.644861026519336
QtV8VOFU1sNay7hsRZhR8dXgqO42,DRzN2ih64uMGEuOjZprMovy5fW03,3,0,0,,2025-10-07,0.46710483587189655
QtV8VOFU1sNay7hsRZhR8dXgqO42,exMEFoTNtJab9zbdtPUirylPR0S2,5,0,0,,2025-05-31,0.1856839455358347
QtV8VOFU1sNay7hsRZhR8dXgqO42,0l2f2PHXtNRUMCFN9TX6TIywPhx1,4,5,0,,2025-01-25,0.12820947222113926
QtV8VOFU1sNay7hsRZhR8dXgqO42,v3njZn6muKYDNyM2HsyWgMrU8mi2,2,0,0,,2025-07-28,0.1414858516049621
S6akV3AB2yYkQTkeyrgXc0s3iFA3,eOQddar3QtZyhchS9WDKPAXZhis2,5,0,0,,2025-06-04,0.19412270425868974
VcGJHZR5zHPmR3O9KGrDQxqnxKv2,lWf0JlxAwYNMWCFCSjovpzAOtBZ2,2,4,0,,2025-06-29,0.5125587884673033
VcGJHZR5zHPmR3O9KGrDQxqnxKv2,nll9dUGXHMYqJxqYoLQeJo2rpGL2,5,2,0,,2025-03-12,0.1374065138873679
WoOcqk8sA3eqdv8ijhTbJDY2Tdj2,xFlzvKYWz2PrAN2Bd8fbiPcNdtI2,5,4,0,,2025-09-15,1.5851690626768817
WoOcqk8sA3eqdv8ijhTbJDY2Tdj2,XyrOyVhu7pdsPk1WS7gubK89bjH2,4,0,0,,2025-12-29,1.566278989813111
WoOcqk8sA3eqdv8ijhTbJDY2Tdj2,321QGCtd7XRzGddayieKvaHdDm23,1,2,0,,2025-03-22,0.08530799968804298
WoOcqk8sA3eqdv8ijhTbJDY2Tdj2,PjAMGPVThoTMSJa9VXigyJuNy5y2,4,0,0,,2025-08-23,0.37775120567512366
WoOcqk8sA3eqdv8ijhTbJDY2Tdj2,6ZhMaFEz2JR9djnjIWdVgPRibWl2,3,0,0,,2025-04-20,0.07064482312753412
WoOcqk8sA3eqdv8ijhTbJDY2Tdj2,2cPC4cc64pNHZ7sIOqBv7d6qup33,5,4,0,,2025-07-12,0.7698718885897241
WoOcqk8sA3eqdv8ijhTbJDY2Tdj2,exMEFoTNtJab9zbdtPUirylPR0S2,4,5,0,,2025-03-02,0.1912660571310479
XDoeMAJsNTU47SLjkcQD2zWAyG23,UAUK5c6yUiPDhemJ4nHJIV4MLuE3,4,3,0,,2025-06-23,0.47950232685050553
XDoeMAJsNTU47SLjkcQD2zWAyG23,lWf0JlxAwYNMWCFCSjovpzAOtBZ2,4,1,0,,2025-11-08,1.3330921619542835
XDoeMAJsNTU47SLjkcQD2zWAyG23,QJ8HvLQFoQaTr16OvNXZdZpnj7F3,1,5,2,,2025-05-13,0.6993157201900067
XDoeMAJsNTU47SLjkcQD2zWAyG23,0D1aw9Bp5LPNSdnvWGFYNi1PWZE3,2,2,0,,2025-06-04,0.2329472451104277
XDoeMAJsNTU47SLjkcQD2zWAyG23,nll9dUGXHMYqJxqYoLQeJo2rpGL2,5,0,0,,2025-07-20,0.3236302195761712
ZoXXJzTWp2OkbXkxQUMqxolww693,iknR9qbLh9ZVXW6DLCa24hv0hq23,4,3,0,,2025-03-02,0.1366186122364628
ZoXXJzTWp2OkbXkxQUMqxolww693,Y1xiSEf7OsQabrNMK786vsstN702,2,5,0,,2026-01-02,4.912384518467891
ZoXXJzTWp2OkbXkxQUMqxolww693,v3njZn6muKYDNyM2HsyWgMrU8mi2,5,0,0,,2025-08-20,0.4567088101318367
ZoXXJzTWp2OkbXkxQUMqxolww693,FtYF3kPPyFeyVUpTPRigfsV0YDl2,2,3,0,,2025-03-02,0.10929488978917024
ZoXXJzTWp2OkbXkxQUMqxolww693,DsrjfIvXpFQpDBqLNpFTvNByp0u2,5,4,0,,2025-06-17,0.5831511089398304
ZoXXJzTWp2OkbXkxQUMqxolww693,0l2f2PHXtNRUMCFN9TX6TIywPhx1,2,5,1,,2025-06-08,0.7306019220986621
ZoXXJzTWp2OkbXkxQUMqxolww693,lMrF4YtWI8Q0wmWhNs4r2bKK9q53,1,5,0,,2026-01-06,4.707667378767459
ZoXXJzTWp2OkbXkxQUMqxolww693,YIeOeuPVRHTW01YOwKwSAxIVzGO2,4,0,0,,2025-02-23,0.05055817643105004
a1NsNfyD18eKSLE2tNAW8OClVt83,iknR9qbLh9ZVXW6DLCa24hv0hq23,5,2,2,,2025-11-13,4.932370487534979
a1NsNfyD18eKSLE2tNAW8OClVt83,exMEFoTNtJab9zbdtPUirylPR0S2,1,0,0,,2025-02-25,0.01292356698739837
a1NsNfyD18eKSLE2tNAW8OClVt83,H8qRTDIPyASubMbX088q4u5PTkJ2,5,2,2,5.0,2026-01-16,11.478344869236352
a1NsNfyD18eKSLE2tNAW8OClVt83,FtYF3kPPyFeyVUpTPRigfsV0YDl2,5,0,0,,2025-08-22,0.4669715023858276
a1NsNfyD18eKSLE2tNAW8OClVt83,lMrF4YtWI8Q0wmWhNs4r2bKK9q53,4,0,0,,2025-09-03,0.4268608214852691
a1NsNfyD18eKSLE2tNAW8OClVt83,PSYR1jp4fSTQPHzlhkpoPHVPbCm2,5,0,0,,2025-04-18,0.11515375473559572
a1NsNfyD18eKSLE2tNAW8OClVt83,v3njZn6muKYDNyM2HsyWgMrU8mi2,5,0,0,,2025-01-31,0.04894575663728252
d3xrXhfwrUNfrV59Z90p8fAavW83,2cPC4cc64pNHZ7sIOqBv7d6qup33,5,1,0,,2025-11-18,1.7380485632699334
d3xrXhfwrUNfrV59Z90p8fAavW83,lWf0JlxAwYNMWCFCSjovpzAOtBZ2,4,5,2,5.0,2025-09-04,3.129318709281001
d3xrXhfwrUNfrV59Z90p8fAavW83,ECcTDZvf9vOkwuc4xcbqBVNSFot1,1,4,0,,2025-03-09,0.1329017925429666
d3xrXhfwrUNfrV59Z90p8fAavW83,nll9dUGXHMYqJxqYoLQeJo2rpGL2,5,0,0,,2025-07-13,0.2994129692854644
d3xrXhfwrUNfrV59Z90p8fAavW83,0D1aw9Bp5LPNSdnvWGFYNi1PWZE3,4,3,2,4.0,2025-06-17,1.0945297737024509
d3xrXhfwrUNfrV59Z90p8fAavW83,k2kncfGm6FfoATWUjyeqbmCCBDm2,3,0,0,,2025-05-10,0.08822470746364483
dSGTeIxN5IXaV48Zn3tA2eOKOby2,YIeOeuPVRHTW01YOwKwSAxIVzGO2,2,0,0,,2025-01-28,0.018936449547941457
dSGTeIxN5IXaV48Zn3tA2eOKOby2,eOQddar3QtZyhchS9WDKPAXZhis2,4,0,0,,2025-05-16,0.12574245320133456
dSGTeIxN5IXaV48Zn3tA2eOKOby2,PjAMGPVThoTMSJa9VXigyJuNy5y2,3,0,0,,2025-07-20,0.19417813174570275
dSGTeIxN5IXaV48Zn3tA2eOKOby2,PSYR1jp4fSTQPHzlhkpoPHVPbCm2,4,0,0,,2025-10-04,0.6023884238244043
dVRKsBeCsYhPv2tMAoiP8W2PtmB2,QJ8HvLQFoQaTr16OvNXZdZpnj7F3,5,2,0,,2025-04-23,0.2191180122797647
dVRKsBeCsYhPv2tMAoiP8W2PtmB2,UAUK5c6yUiPDhemJ4nHJIV4MLuE3,1,0,0,,2025-02-10,0.010939563275232366
dVRKsBeCsYhPv2tMAoiP8W2PtmB2,k2kncfGm6FfoATWUjyeqbmCCBDm2,2,3,1,3.0,2025-04-03,0.30802273463844826
dVRKsBeCsYhPv2tMAoiP8W2PtmB2,2cPC4cc64pNHZ7sIOqBv7d6qup33,2,0,0,,2025-04-23,0.04869289161772549
dVRKsBeCsYhPv2tMAoiP8W2PtmB2,lWf0JlxAwYNMWCFCSjovpzAOtBZ2,5,1,0,,2025-10-27,1.3611344739622802
dVRKsBeCsYhPv2tMAoiP8W2PtmB2,nll9dUGXHMYqJxqYoLQeJo2rpGL2,1,1,3,,2025-09-15,2.560657716631886
dVRKsBeCsYhPv2tMAoiP8W2PtmB2,0D1aw9Bp5LPNSdnvWGFYNi1PWZE3,2,5,0,,2025-01-23,0.10747868254410277
fiV6MzXHtuMizvMIMcVvY3XFU892,y5E27NmxoUQt1jMjpo2lFZSrwPn1,1,0,0,,2025-08-15,0.0864056046954706
fiV6MzXHtuMizvMIMcVvY3XFU892,FtYF3kPPyFeyVUpTPRigfsV0YDl2,4,4,0,,2025-12-15,4.0219202762138355
fiV6MzXHtuMizvMIMcVvY3XFU892,0W7NM9Ie82Ta9E6BWE569HKVAE42,2,3,0,,2025-02-16,0.09354981587753844
fiV6MzXHtuMizvMIMcVvY3XFU892,4JIeujA4Dnhs4idBMx38ZtXFoQf1,3,0,0,,2025-12-27,1.148892507546973
fiV6MzXHtuMizvMIMcVvY3XFU892,iknR9qbLh9ZVXW6DLCa24hv0hq23,4,3,0,,2025-06-05,0.3925833011649591
fiV6MzXHtuMizvMIMcVvY3XFU892,Y1xiSEf7OsQabrNMK786vsstN702,3,5,0,,2025-03-24,0.22678487940209605
fiV6MzXHtuMizvMIMcVvY3XFU892,0l2f2PHXtNRUMCFN9TX6TIywPhx1,5,0,0,,2025-04-15,0.11137856561122422
fiV6MzXHtuMizvMIMcVvY3XFU892,R15YifvlSQRs3vxkbBQIrxwfz1M2,4,3,0,,2025-09-22,1.3179856905786338
g664koL813TXW9lMsT1t0o00ndt2,ECcTDZvf9vOkwuc4xcbqBVNSFot1,5,3,1,,2025-11-02,3.5334982493975433
g664koL813TXW9lMsT1t0o00ndt2,y5E27NmxoUQt1jMjpo2lFZSrwPn1,1,3,0,,2025-07-15,0.4285974988854367
g664koL813TXW9lMsT1t0o00ndt2,H8qRTDIPyASubMbX088q4u5PTkJ2,3,4,3,3.0,2025-03-26,0.5493794975476869
g664koL813TXW9lMsT1t0o00ndt2,2cPC4cc64pNHZ7sIOqBv7d6qup33,3,5,1,,2025-07-07,1.0643911118673146
gyh2H0YwTHMAjsA1MSskRDQEFws2,FtYF3kPPyFeyVUpTPRigfsV0YDl2,1,0,0,,2025-05-15,0.03108826201105816
gyh2H0YwTHMAjsA1MSskRDQEFws2,0W7NM9Ie82Ta9E6BWE569HKVAE42,1,5,0,,2025-04-04,0.2168422298845411
gyh2H0YwTHMAjsA1MSskRDQEFws2,PSYR1jp4fSTQPHzlhkpoPHVPbCm2,2,4,3,,2025-05-10,0.8234306029940184
gyh2H0YwTHMAjsA1MSskRDQEFws2,0l2f2PHXtNRUMCFN9TX6TIywPhx1,3,1,0,,2025-02-11,0.05530895883990124
gyh2H0YwTHMAjsA1MSskRDQEFws2,Y1xiSEf7OsQabrNMK786vsstN702,1,0,0,,2025-04-30,0.026315645650971855
gyh2H0YwTHMAjsA1MSskRDQEFws2,lMrF4YtWI8Q0wmWhNs4r2bKK9q53,3,4,0,,2025-11-18,2.7312191708527522
gyh2H0YwTHMAjsA1MSskRDQEFws2,4JIeujA4Dnhs4idBMx38ZtXFoQf1,3,0,0,,2025-05-21,0.09969437698000977
gyh2H0YwTHMAjsA1MSskRDQEFws2,DsrjfIvXpFQpDBqLNpFTvNByp0u2,3,2,0,,2025-11-27,1.9208407263290928
gyh2H0YwTHMAjsA1MSskRDQEFws2,exMEFoTNtJab9zbdtPUirylPR0S2,5,5,0,,2025-04-15,0.33413569683367267
gyh2H0YwTHMAjsA1MSskRDQEFws2,f3PCaEKS6oQI9HgKEnepuYiAKPM2,3,3,3,,2025-08-01,1.9968652467861212
hWM8fGVR0dXoO6IPzCYwiy6SIkG3,lMrF4YtWI8Q0wmWhNs4r2bKK9q53,4,0,0,,2026-01-04,1.6742568627215273
hWM8fGVR0dXoO6IPzCYwiy6SIkG3,4JIeujA4Dnhs4idBMx38ZtXFoQf1,1,0,0,,2026-01-01,0.4048420484916882
hWM8fGVR0dXoO6IPzCYwiy6SIkG3,exMEFoTNtJab9zbdtPUirylPR0S2,2,3,2,5.0,2025-07-24,1.556355757221046
hWM8fGVR0dXoO6IPzCYwiy6SIkG3,DsrjfIvXpFQpDBqLNpFTvNByp0u2,5,2,0,,2025-10-18,1.5834926610254103
hWM8fGVR0dXoO6IPzCYwiy6SIkG3,FtYF3kPPyFeyVUpTPRigfsV0YDl2,2,5,3,,2025-12-24,11.112273310225769
hWM8fGVR0dXoO6IPzCYwiy6SIkG3,DRzN2ih64uMGEuOjZprMovy5fW03,5,2,0,,2025-07-05,0.49310471968841796
hWM8fGVR0dXoO6IPzCYwiy6SIkG3,y5E27NmxoUQt1jMjpo2lFZSrwPn1,4,0,0,,2025-11-30,1.1348273375940077
hWM8fGVR0dXoO6IPzCYwiy6SIkG3,PSYR1jp4fSTQPHzlhkpoPHVPbCm2,1,5,0,,2025-12-23,4.0294785725656865
iVGnW358jPevkAhMfbjqrEYtd7r1,6ZhMaFEz2JR9djnjIWdVgPRibWl2,1,0,0,,2025-12-27,0.38296416918232434
iVGnW358jPevkAhMfbjqrEYtd7r1,XyrOyVhu7pdsPk1WS7gubK89bjH2,4,0,0,,2025-03-16,0.0638449836697914
iVGnW358jPevkAhMfbjqrEYtd7r1,xFlzvKYWz2PrAN2Bd8fbiPcNdtI2,3,0,0,,2025-07-14,0.1816549985884946
iVGnW358jPevkAhMfbjqrEYtd7r1,321QGCtd7XRzGddayieKvaHdDm23,4,0,0,,2025-02-11,0.04424716707192099
iVGnW358jPevkAhMfbjqrEYtd7r1,4JIeujA4Dnhs4idBMx38ZtXFoQf1,5,2,1,,2025-12-11,4.808852913224659
j9DcoD4AnNWPqNb6zWTekKVz9zP2,PSYR1jp4fSTQPHzlhkpoPHVPbCm2,5,0,0,,2025-02-04,0.05117018928587621
j9DcoD4AnNWPqNb6zWTekKVz9zP2,lMrF4YtWI8Q0wmWhNs4r2bKK9q53,4,3,0,,2025-02-27,0.1321397213806148
j9DcoD4AnNWPqNb6zWTekKVz9zP2,H8qRTDIPyASubMbX088q4u5PTkJ2,5,0,0,,2025-05-15,0.1554413100552908
j9DcoD4AnNWPqNb6zWTekKVz9zP2,YIeOeuPVRHTW01YOwKwSAxIVzGO2,1,0,0,,2025-03-01,0.013510902975604531
j9DcoD4AnNWPqNb6zWTekKVz9zP2,iknR9qbLh9ZVXW6DLCa24hv0hq23,2,0,0,,2026-01-16,0.9565287391030293
j9DcoD4AnNWPqNb6zWTekKVz9zP2,y5E27NmxoUQt1jMjpo2lFZSrwPn1,4,0,0,,2025-06-20,0.1855129482993577
j9DcoD4AnNWPqNb6zWTekKVz9zP2,exMEFoTNtJab9zbdtPUirylPR0S2,2,0,0,,2025-04-29,0.05204973602209906
lZgzVnsom0cCRgqbtWEkI6thRI73,eOQddar3QtZyhchS9WDKPAXZhis2,3,0,0,,2025-01-22,0.026572771235697082
lZgzVnsom0cCRgqbtWEkI6thRI73,v3njZn6muKYDNyM2HsyWgMrU8mi2,5,0,0,,2025-04-05,0.09966591955931234
lZgzVnsom0cCRgqbtWEkI6thRI73,lMrF4YtWI8Q0wmWhNs4r2bKK9q53,4,3,2,3.0,2025-05-15,0.7399006358631842
lZgzVnsom0cCRgqbtWEkI6thRI73,R15YifvlSQRs3vxkbBQIrxwfz1M2,3,3,0,,2025-02-16,0.10524354286223074
lZgzVnsom0cCRgqbtWEkI6thRI73,f3PCaEKS6oQI9HgKEnepuYiAKPM2,1,0,0,,2025-12-25,0.3745477168023754
lZgzVnsom0cCRgqbtWEkI6thRI73,iknR9qbLh9ZVXW6DLCa24hv0hq23,3,0,0,,2025-09-03,0.3201456161139518
lZgzVnsom0cCRgqbtWEkI6thRI73,DRzN2ih64uMGEuOjZprMovy5fW03,1,5,0,,2025-04-15,0.2450328443446933
n9FSkm6L0dbm5xZU5hYCCSYIqOI3,iknR9qbLh9ZVXW6DLCa24hv0hq23,4,1,0,,2025-07-15,0.3673692847589457
n9FSkm6L0dbm5xZU5hYCCSYIqOI3,0l2f2PHXtNRUMCFN9TX6TIywPhx1,1,1,3,,2025-02-21,0.2595970279385636
n9FSkm6L0dbm5xZU5hYCCSYIqOI3,y5E27NmxoUQt1jMjpo2lFZSrwPn1,1,0,0,,2025-02-25,0.01292356698739837
n9FSkm6L0dbm5xZU5hYCCSYIqOI3,DRzN2ih64uMGEuOjZprMovy5fW03,2,2,0,,2025-06-26,0.2974530675894759
n9FSkm6L0dbm5xZU5hYCCSYIqOI3,lMrF4YtWI8Q0wmWhNs4r2bKK9q53,2,0,0,,2025-12-01,0.5737534207374327
n9FSkm6L0dbm5xZU5hYCCSYIqOI3,f3PCaEKS6oQI9HgKEnepuYiAKPM2,1,2,0,,2025-10-08,0.7872063838736371
n9FSkm6L0dbm5xZU5hYCCSYIqOI3,exMEFoTNtJab9zbdtPUirylPR0S2,2,0,0,,2026-01-14,0.9355069850316178
n9FSkm6L0dbm5xZU5hYCCSYIqOI3,YIeOeuPVRHTW01YOwKwSAxIVzGO2,1,0,0,,2025-06-21,0.04689642430693813
o9zp3QqHZefRfJZiVZt7M50uKHf2,R15YifvlSQRs3vxkbBQIrxwfz1M2,3,4,3,,2025-12-04,8.601412441900878
o9zp3QqHZefRfJZiVZt7M50uKHf2,Y1xiSEf7OsQabrNMK786vsstN702,3,4,0,,2025-09-10,1.2688125024022956
o9zp3QqHZefRfJZiVZt7M50uKHf2,lMrF4YtWI8Q0wmWhNs4r2bKK9q53,2,3,0,,2025-02-16,0.09354981587753844
o9zp3QqHZefRfJZiVZt7M50uKHf2,iknR9qbLh9ZVXW6DLCa24hv0hq23,2,4,0,,2025-07-15,0.6122821412649095
o9zp3QqHZefRfJZiVZt7M50uKHf2,y5E27NmxoUQt1jMjpo2lFZSrwPn1,2,3,0,,2025-07-06,0.4432126334493355
o9zp3QqHZefRfJZiVZt7M50uKHf2,PSYR1jp4fSTQPHzlhkpoPHVPbCm2,3,0,0,,2026-01-11,1.3572561270539394
p5R2FocRjXgb6las6vZEnIEeYXu2,ECcTDZvf9vOkwuc4xcbqBVNSFot1,5,5,0,,2025-02-07,0.15871382598069617
p5R2FocRjXgb6las6vZEnIEeYXu2,UAUK5c6yUiPDhemJ4nHJIV4MLuE3,4,4,0,,2025-09-03,1.2805824644558073
p5R2FocRjXgb6las6vZEnIEeYXu2,QJ8HvLQFoQaTr16OvNXZdZpnj7F3,3,2,1,,2025-05-06,0.3656876954810465
p5R2FocRjXgb6las6vZEnIEeYXu2,0D1aw9Bp5LPNSdnvWGFYNi1PWZE3,3,4,3,,2025-02-23,0.3665467791251128
p5R2FocRjXgb6las6vZEnIEeYXu2,k2kncfGm6FfoATWUjyeqbmCCBDm2,2,4,0,,2025-12-27,3.8296416918232437
p5R2FocRjXgb6las6vZEnIEeYXu2,2cPC4cc64pNHZ7sIOqBv7d6qup33,3,0,0,,2025-03-13,0.04631392210532474
p5R2FocRjXgb6las6vZEnIEeYXu2,FtYF3kPPyFeyVUpTPRigfsV0YDl2,3,1,0,,2025-06-28,0.2534476066953804
q4ikVHUQQiTzWgmmIWXY0kgkQ3B2,0l2f2PHXtNRUMCFN9TX6TIywPhx1,3,0,0,,2025-01-22,0.026572771235697082
q4ikVHUQQiTzWgmmIWXY0kgkQ3B2,eOQddar3QtZyhchS9WDKPAXZhis2,3,0,0,,2025-06-09,0.1231274979358482
q4ikVHUQQiTzWgmmIWXY0kgkQ3B2,lMrF4YtWI8Q0wmWhNs4r2bKK9q53,4,3,0,,2025-02-18,0.11956496431402658
q4ikVHUQQiTzWgmmIWXY0kgkQ3B2,H8qRTDIPyASubMbX088q4u5PTkJ2,3,0,0,,2025-01-30,0.029042955048435667
q4ikVHUQQiTzWgmmIWXY0kgkQ3B2,4JIeujA4Dnhs4idBMx38ZtXFoQf1,4,3,0,,2025-06-17,0.44857777610756183
q4ikVHUQQiTzWgmmIWXY0kgkQ3B2,f3PCaEKS6oQI9HgKEnepuYiAKPM2,1,0,0,,2025-12-25,0.3745477168023754
q4ikVHUQQiTzWgmmIWXY0kgkQ3B2,exMEFoTNtJab9zbdtPUirylPR0S2,1,0,0,,2025-09-16,0.12329848197080324
q4ikVHUQQiTzWgmmIWXY0kgkQ3B2,DRzN2ih64uMGEuOjZprMovy5fW03,2,3,0,,2025-12-13,2.6223533476311425
qZBDOQumsahEfZF2OX8cutrjl5f2,k2kncfGm6FfoATWUjyeqbmCCBDm2,5,3,2,,2025-04-27,0.5854170718685828
qZBDOQumsahEfZF2OX8cutrjl5f2,0D1aw9Bp5LPNSdnvWGFYNi1PWZE3,4,3,2,,2025-07-30,1.5913169430289456
qZBDOQumsahEfZF2OX8cutrjl5f2,nll9dUGXHMYqJxqYoLQeJo2rpGL2,4,0,0,,2025-12-29,1.566278989813111
qts907bJTXQByJQF8VUkvgVNuoB3,UAUK5c6yUiPDhemJ4nHJIV4MLuE3,5,0,0,,2025-10-15,0.8508775537438179
qts907bJTXQByJQF8VUkvgVNuoB3,lWf0JlxAwYNMWCFCSjovpzAOtBZ2,1,1,0,,2025-09-13,0.3577688307814536
qts907bJTXQByJQF8VUkvgVNuoB3,k2kncfGm6FfoATWUjyeqbmCCBDm2,4,1,2,5.0,2025-06-09,0.8618924855509374
qts907bJTXQByJQF8VUkvgVNuoB3,0D1aw9Bp5LPNSdnvWGFYNi1PWZE3,2,0,0,,2025-09-18,0.2521382381530032
qts907bJTXQByJQF8VUkvgVNuoB3,2cPC4cc64pNHZ7sIOqBv7d6qup33,1,4,0,,2025-04-20,0.21193446938260233
r1mdbzvd9BN5XqWvoIRIRAuyToK2,YIeOeuPVRHTW01YOwKwSAxIVzGO2,5,3,0,,2025-11-03,2.3119271147977503
r1mdbzvd9BN5XqWvoIRIRAuyToK2,DRzN2ih64uMGEuOjZprMovy5fW03,1,0,0,,2025-06-06,0.03969696613853911
r1mdbzvd9BN5XqWvoIRIRAuyToK2,PSYR1jp4fSTQPHzlhkpoPHVPbCm2,3,0,0,,2025-11-01,0.6166684357607812
r1mdbzvd9BN5XqWvoIRIRAuyToK2,iknR9qbLh9ZVXW6DLCa24hv0hq23,3,2,0,,2025-04-29,0.1821740760773467
r1mdbzvd9BN5XqWvoIRIRAuyToK2,DsrjfIvXpFQpDBqLNpFTvNByp0u2,5,1,0,,2025-05-19,0.22750788887062087
r1mdbzvd9BN5XqWvoIRIRAuyToK2,f3PCaEKS6oQI9HgKEnepuYiAKPM2,5,0,0,,2025-07-25,0.342118484156818
r1mdbzvd9BN5XqWvoIRIRAuyToK2,y5E27NmxoUQt1jMjpo2lFZSrwPn1,4,0,0,,2025-03-16,0.0638449836697914
r1mdbzvd9BN5XqWvoIRIRAuyToK2,exMEFoTNtJab9zbdtPUirylPR0S2,2,0,0,,2025-03-20,0.03337326996032608
r1mdbzvd9BN5XqWvoIRIRAuyToK2,eOQddar3QtZyhchS9WDKPAXZhis2,4,5,3,4.0,2025-03-11,0.5193949948638782
rphBr9aAB5YB9teRoi7yWnRSLmy1,FtYF3kPPyFeyVUpTPRigfsV0YDl2,5,0,0,,2025-11-16,1.2141794631192808
rphBr9aAB5YB9teRoi7yWnRSLmy1,PSYR1jp4fSTQPHzlhkpoPHVPbCm2,5,3,2,4.0,2025-05-21,0.8440790584307494
rphBr9aAB5YB9teRoi7yWnRSLmy1,iknR9qbLh9ZVXW6DLCa24hv0hq23,2,1,0,,2025-12-13,1.3111766738155712
rphBr9aAB5YB9teRoi7yWnRSLmy1,4JIeujA4Dnhs4idBMx38ZtXFoQf1,5,0,0,,2025-03-29,0.09220791850310003
rphBr9aAB5YB9teRoi7yWnRSLmy1,0W7NM9Ie82Ta9E6BWE569HKVAE42,5,0,0,,2026-01-18,2.445057181211501
rphBr9aAB5YB9teRoi7yWnRSLmy1,0l2f2PHXtNRUMCFN9TX6TIywPhx1,5,1,0,,2025-11-02,1.4549698673989884
rphBr9aAB5YB9teRoi7yWnRSLmy1,v3njZn6muKYDNyM2HsyWgMrU8mi2,2,4,0,,2025-12-04,2.9660042903106474
tpQfofgNcOTYSgtzmeP2slhrfRh1,eOQddar3QtZyhchS9WDKPAXZhis2,1,0,0,,2025-09-10,0.11534659112748143
tpQfofgNcOTYSgtzmeP2slhrfRh1,iknR9qbLh9ZVXW6DLCa24hv0hq23,5,3,0,,2025-10-05,1.6750771155465605
tpQfofgNcOTYSgtzmeP2slhrfRh1,PSYR1jp4fSTQPHzlhkpoPHVPbCm2,4,2,0,,2025-07-27,0.5596899520972376
tpQfofgNcOTYSgtzmeP2slhrfRh1,4JIeujA4Dnhs4idBMx38ZtXFoQf1,5,0,0,,2025-05-01,0.1330483608473038
tpQfofgNcOTYSgtzmeP2slhrfRh1,exMEFoTNtJab9zbdtPUirylPR0S2,4,0,0,,2025-12-25,1.4981908672095017
tpQfofgNcOTYSgtzmeP2slhrfRh1,0l2f2PHXtNRUMCFN9TX6TIywPhx1,3,0,0,,2025-07-25,0.20527109049409079
tpQfofgNcOTYSgtzmeP2slhrfRh1,YIeOeuPVRHTW01YOwKwSAxIVzGO2,1,2,3,5.0,2025-11-10,5.906541517916139
ugSQHvQw57RkVnchx74wr5BIUp02,0W7NM9Ie82Ta9E6BWE569HKVAE42,2,2,0,,2025-04-21,0.14286828518864766
ugSQHvQw57RkVnchx74wr5BIUp02,exMEFoTNtJab9zbdtPUirylPR0S2,4,4,1,,2025-05-11,0.535262689122157
ugSQHvQw57RkVnchx74wr5BIUp02,y5E27NmxoUQt1jMjpo2lFZSrwPn1,4,1,1,,2025-04-19,0.27945690133430046
ugSQHvQw57RkVnchx74wr5BIUp02,FtYF3kPPyFeyVUpTPRigfsV0YDl2,5,0,0,,2025-01-20,0.04331463008968772
ugSQHvQw57RkVnchx74wr5BIUp02,eOQddar3QtZyhchS9WDKPAXZhis2,3,2,0,,2025-03-14,0.10927324506430816
ugSQHvQw57RkVnchx74wr5BIUp02,4JIeujA4Dnhs4idBMx38ZtXFoQf1,1,0,0,,2025-11-02,0.20785283819985548
ugSQHvQw57RkVnchx74wr5BIUp02,Y1xiSEf7OsQabrNMK786vsstN702,1,0,0,,2025-10-04,0.15059710595610107
ugSQHvQw57RkVnchx74wr5BIUp02,R15YifvlSQRs3vxkbBQIrxwfz1M2,2,1,0,,2025-09-21,0.5213689847126236
ujIwgqVsRbSpTrQkffQvn48zVy52,eOQddar3QtZyhchS9WDKPAXZhis2,1,0,0,,2025-07-06,0.055401579181166935
ujIwgqVsRbSpTrQkffQvn48zVy52,4JIeujA4Dnhs4idBMx38ZtXFoQf1,5,2,0,,2025-08-25,0.8690391980402391
ujIwgqVsRbSpTrQkffQvn48zVy52,v3njZn6muKYDNyM2HsyWgMrU8mi2,1,5,1,4.0,2025-07-13,1.1617223208276017
ujIwgqVsRbSpTrQkffQvn48zVy52,PSYR1jp4fSTQPHzlhkpoPHVPbCm2,5,2,0,,2025-09-29,1.2821288253221632
ujIwgqVsRbSpTrQkffQvn48zVy52,lMrF4YtWI8Q0wmWhNs4r2bKK9q53,3,0,0,,2025-10-06,0.4619435092765858
ujIwgqVsRbSpTrQkffQvn48zVy52,Y1xiSEf7OsQabrNMK786vsstN702,2,0,0,,2025-03-30,0.03729526556693442
ujIwgqVsRbSpTrQkffQvn48zVy52,DRzN2ih64uMGEuOjZprMovy5fW03,4,0,0,,2025-08-16,0.3494840818341204
ujIwgqVsRbSpTrQkffQvn48zVy52,0W7NM9Ie82Ta9E6BWE569HKVAE42,1,3,0,,2025-04-29,0.1821740760773467
v3jjcvBOFbS0gDrinWReQsK6pPt2,f3PCaEKS6oQI9HgKEnepuYiAKPM2,3,0,0,,2026-01-19,1.4834255839408834
v3jjcvBOFbS0gDrinWReQsK6pPt2,lMrF4YtWI8Q0wmWhNs4r2bKK9q53,1,0,0,,2026-01-02,0.4093653765389909
v3jjcvBOFbS0gDrinWReQsK6pPt2,0W7NM9Ie82Ta9E6BWE569HKVAE42,4,0,0,,2025-12-17,1.3707655820619753
v3jjcvBOFbS0gDrinWReQsK6pPt2,H8qRTDIPyASubMbX088q4u5PTkJ2,1,1,0,,2025-12-31,1.201106104375212
v3jjcvBOFbS0gDrinWReQsK6pPt2,iknR9qbLh9ZVXW6DLCa24hv0hq23,3,3,0,,2025-08-01,0.6656217489287071
v3jjcvBOFbS0gDrinWReQsK6pPt2,R15YifvlSQRs3vxkbBQIrxwfz1M2,2,0,0,,2025-11-26,0.5427474811642219
v3jjcvBOFbS0gDrinWReQsK6pPt2,FtYF3kPPyFeyVUpTPRigfsV0YDl2,1,0,0,,2025-04-11,0.021307359785441668
v3jjcvBOFbS0gDrinWReQsK6pPt2,DsrjfIvXpFQpDBqLNpFTvNByp0u2,4,2,3,,2025-05-25,0.9032848658964201
v3jjcvBOFbS0gDrinWReQsK6pPt2,exMEFoTNtJab9zbdtPUirylPR0S2,1,5,0,,2025-05-24,0.37793627374951166
xGXCi2XliDOICsxuqCNnAal7W8e2,H8qRTDIPyASubMbX088q4u5PTkJ2,4,2,0,,2025-03-25,0.1411192384337362
xGXCi2XliDOICsxuqCNnAal7W8e2,DsrjfIvXpFQpDBqLNpFTvNByp0u2,4,5,1,,2025-02-21,0.24723526470339388
xGXCi2XliDOICsxuqCNnAal7W8e2,PSYR1jp4fSTQPHzlhkpoPHVPbCm2,1,5,2,,2025-06-24,1.1151776304406582
xGXCi2XliDOICsxuqCNnAal7W8e2,y5E27NmxoUQt1jMjpo2lFZSrwPn1,1,4,0,,2025-02-11,0.09955612591182222
xGXCi2XliDOICsxuqCNnAal7W8e2,Y1xiSEf7OsQabrNMK786vsstN702,1,3,1,5.0,2025-06-01,0.6008275360899568
xGXCi2XliDOICsxuqCNnAal7W8e2,v3njZn6muKYDNyM2HsyWgMrU8mi2,1,3,1,3.0,2025-07-24,1.0014810959509342
xGXCi2XliDOICsxuqCNnAal7W8e2,R15YifvlSQRs3vxkbBQIrxwfz1M2,3,2,0,,2025-10-20,1.259280777238833
xGXCi2XliDOICsxuqCNnAal7W8e2,0l2f2PHXtNRUMCFN9TX6TIywPhx1,4,1,0,,2025-08-09,0.48499828043096094
yKLLNo03cBftcJrHJG3AzfjO13x1,ECcTDZvf9vOkwuc4xcbqBVNSFot1,3,0,0,,2025-07-19,0.1920325389822793
yKLLNo03cBftcJrHJG3AzfjO13x1,0D1aw9Bp5LPNSdnvWGFYNi1PWZE3,1,2,1,,2026-01-13,5.088434983688111
yKLLNo03cBftcJrHJG3AzfjO13x1,QJ8HvLQFoQaTr16OvNXZdZpnj7F3,2,4,3,,2025-02-20,0.3423047757858502
yKLLNo03cBftcJrHJG3AzfjO13x1,2cPC4cc64pNHZ7sIOqBv7d6qup33,3,3,3,,2025-10-24,5.077971687101488
yKLLNo03cBftcJrHJG3AzfjO13x1,k2kncfGm6FfoATWUjyeqbmCCBDm2,1,2,0,,2025-04-22,0.120387135302991
yKLLNo03cBftcJrHJG3AzfjO13x1,Y1xiSEf7OsQabrNMK786vsstN702,1,3,0,,2025-10-10,1.1268539503818658
zIkXwaQxKlhPUmvC5KYrPEKms7F2,v3njZn6muKYDNyM2HsyWgMrU8mi2,3,3,3,,2025-10-25,5.13470821395499
zIkXwaQxKlhPUmvC5KYrPEKms7F2,exMEFoTNtJab9zbdtPUirylPR0S2,2,3,0,,2025-11-07,1.7578160167058203
zIkXwaQxKlhPUmvC5KYrPEKms7F2,lMrF4YtWI8Q0wmWhNs4r2bKK9q53,4,3,0,,2025-01-23,0.08956556878675231
zIkXwaQxKlhPUmvC5KYrPEKms7F2,f3PCaEKS6oQI9HgKEnepuYiAKPM2,2,3,0,,2025-02-14,0.09149385964495564
zIkXwaQxKlhPUmvC5KYrPEKms7F2,0W7NM9Ie82Ta9E6BWE569HKVAE42,4,0,0,,2025-07-03,0.21434119750461347
zIkXwaQxKlhPUmvC5KYrPEKms7F2,Y1xiSEf7OsQabrNMK786vsstN702,1,0,0,,2025-07-01,0.0524076484188128
zIkXwaQxKlhPUmvC5KYrPEKms7F2,4JIeujA4Dnhs4idBMx38ZtXFoQf1,3,0,0,,2025-11-10,0.681524021298016
zIkXwaQxKlhPUmvC5KYrPEKms7F2,PSYR1jp4fSTQPHzlhkpoPHVPbCm2,2,3,0,,2025-12-18,2.772162480345766
zRYU58qTQggByTV4HTmLqtSxwnp1,0W7NM9Ie82Ta9E6BWE569HKVAE42,5,4,3,,2025-11-22,8.046880239045054
zRYU58qTQggByTV4HTmLqtSxwnp1,exMEFoTNtJab9zbdtPUirylPR0S2,1,0,0,,2025-09-25,0.1362658965170063
zRYU58qTQggByTV4HTmLqtSxwnp1,v3njZn6muKYDNyM2HsyWgMrU8mi2,4,2,0,,2025-10-12,1.3167719512316223
zRYU58qTQggByTV4HTmLqtSxwnp1,Y1xiSEf7OsQabrNMK786vsstN702,5,3,3,4.0,2025-03-28,0.5726672773296327
zRYU58qTQggByTV4HTmLqtSxwnp1,iknR9qbLh9ZVXW6DLCa24hv0hq23,3,3,2,,2026-01-05,8.888058111351448
zRYU58qTQggByTV4HTmLqtSxwnp1,f3PCaEKS6oQI9HgKEnepuYiAKPM2,4,4,2,3.0,2025-03-15,0.4072499133828429
zRYU58qTQggByTV4HTmLqtSxwnp1,PSYR1jp4fSTQPHzlhkpoPHVPbCm2,5,3,0,,2025-12-09,3.448989969001808
zttddeiUKqQUGqdtj7TOeCSwYhB2,0W7NM9Ie82Ta9E6BWE569HKVAE42,4,2,0,,2025-02-03,0.08096764578321757
zttddeiUKqQUGqdtj7TOeCSwYhB2,FtYF3kPPyFeyVUpTPRigfsV0YDl2,3,0,0,,2025-02-20,0.036675511691341096
zttddeiUKqQUGqdtj7TOeCSwYhB2,eOQddar3QtZyhchS9WDKPAXZhis2,3,0,0,,2025-12-15,1.0054800690534589
zttddeiUKqQUGqdtj7TOeCSwYhB2,y5E27NmxoUQt1jMjpo2lFZSrwPn1,4,2,2,,2025-11-16,4.856717852477123
zttddeiUKqQUGqdtj7TOeCSwYhB2,exMEFoTNtJab9zbdtPUirylPR0S2,3,2,1,3.0,2025-11-25,3.971952462613832
zttddeiUKqQUGqdtj7TOeCSwYhB2,DsrjfIvXpFQpDBqLNpFTvNByp0u2,3,0,0,,2025-07-01,0.1572229452564384
zttddeiUKqQUGqdtj7TOeCSwYhB2,PSYR1jp4fSTQPHzlhkpoPHVPbCm2,4,0,0,,2025-02-26,0.05227185156021978
zttddeiUKqQUGqdtj7TOeCSwYhB2,v3njZn6muKYDNyM2HsyWgMrU8mi2,2,3,3,4.0,2025-03-24,0.49543773653996365
zttddeiUKqQUGqdtj7TOeCSwYhB2,R15YifvlSQRs3vxkbBQIrxwfz1M2,1,0,0,,2025-10-31,0.20328482987029955
zttddeiUKqQUGqdtj7TOeCSwYhB2,4JIeujA4Dnhs4idBMx38ZtXFoQf1,2,2,0,,2025-11-02,1.247117029199133
